{
  "categories": [
    {
      "id": 0,
      "name": "\/"
    },
    {
      "id": 1,
      "name": "0"
    },
    {
      "id": 2,
      "name": "1"
    },
    {
      "id": 3,
      "name": "2"
    },
    {
      "id": 4,
      "name": "3"
    },
    {
      "id": 5,
      "name": "4"
    },
    {
      "id": 6,
      "name": "5"
    },
    {
      "id": 7,
      "name": "6"
    },
    {
      "id": 8,
      "name": "7"
    },
    {
      "id": 9,
      "name": "8"
    },
    {
      "id": 10,
      "name": "9"
    },
    {
      "id": 11,
      "name": "E"
    },
    {
      "id": 12,
      "name": "G"
    }
  ],
  "info": {
    "year": 2025,
    "version": "1.0",
    "contributor": "Label Studio"
  }
}